LoanID,Org Name,Org ID,OrgID & LoanID,Principal (â‚¬),Interest p.m.,Payout Date,Maturity Date,Status,Repaid Date,Outstanding Notional,Days Late,Months Repaid,,,RandInt
1,DriveTech GmbH,1026,1026-1,"13,778.00",1.25%,10-Nov-2019,4-Nov-2020,Repaid,14-Feb-2020,0,-264,3.20,,"529,053.00",402782
2,Elixir GmbH,1027,1027-2,"43,051.00",1.40%,11-Nov-2019,5-Nov-2020,Repaid,03-Nov-2020,0,-2,11.93,,,305775
3,FlashForward GmbH,1028,1028-3,"13,896.00",1.25%,12-Nov-2019,6-Nov-2020,Repaid,03-Nov-2020,0,-3,11.90,,,239660
4,GlobalLink GmbH,1029,1029-4,"21,926.00",1.25%,13-Nov-2019,7-Nov-2020,Repaid,01-Nov-2020,0,-6,11.80,,,307939
5,KryptonGmbH,1064,1064-5,"24,195.00",1.25%,10-Nov-2019,4-Nov-2020,Repaid,6-Nov-2020,0,2,12.07,,,130426
6,LegacyTech GmbH,1065,1065-6,"11,541.00",1.25%,10-Nov-2019,4-Nov-2020,Repaid,01-Nov-2020,0.00,-3,11.90,,,393351
7,MetaSolutions GmbH,1066,1066-7,"35,555.00",1.25%,12-Nov-2019,6-Nov-2020,Repaid,13-Jul-2020,0.00,-116,8.13,,,368879
8,NexusGmbH,1067,1067-8,"11,818.00",1.25%,10-Nov-2019,4-Nov-2020,Repaid,02-Nov-2020,0.00,-2,11.93,,,359753
9,TitanGmbH,1073,1073-9,"45,369.00",1.40%,13-Nov-2019,7-Nov-2020,Repaid,06-Nov-2020,0,-1,11.97,,,261657
10,UltraTech GmbH,1074,1074-10,"35,899.00",1.25%,14-Nov-2019,8-Nov-2020,Repaid,20-Sep-2020,0.00,-49,10.37,,,140149
11,Velocity GmbH,1075,1075-11,"46,954.00",1.40%,15-Nov-2019,9-Nov-2020,Repaid,03-Nov-2020,0,-6,11.80,,,349871
12,WaveTech GmbH,1076,1076-12,"32,290.00",1.25%,16-Nov-2019,10-Nov-2020,Repaid,10-Sep-2020,0,-61,9.97,,,47443
13,XtraGmbH,1077,1077-13,"25,962.00",1.25%,15-Nov-2019,9-Nov-2020,Repaid,16-Mar-2020,0,-238,4.07,,,403916
14,YellowCube GmbH,1078,1078-14,"21,392.00",1.25%,14-Nov-2019,8-Nov-2020,Repaid,25-Nov-2020,0,17,12.57,,,69689
15,ZenithSolutions GmbH,1079,1079-15,"37,346.00",1.25%,16-Nov-2019,10-Nov-2020,Not Repaid Yet,Not Repaid Yet,0,,,,,209557
16,AlphaSolutions GmbH,1080,1080-16,"33,758.00",1.25%,16-Nov-2019,10-Nov-2020,Repaid,16-Aug-2020,,-86,9.13,,,354278
17,BrightTech GmbH,1081,1081-17,"23,186.00",1.25%,21-Nov-2019,15-Nov-2020,Repaid,27-Feb-2020,0,-262,3.27,,,147708
18,ClearVision GmbH,1082,1082-18,"44,657.00",1.40%,21-Nov-2019,15-Nov-2020,Repaid,12-Aug-2020,0,-95,8.83,,,142492
19,DigitalSolutions GmbH,1083,1083-19,"24,298.00",1.25%,22-Nov-2019,16-Nov-2020,Repaid,6-Mar-2020,0,-255,3.50,,,387746
20,EasyTech GmbH,1084,1084-20,"43,206.00",1.40%,22-Nov-2019,16-Nov-2020,Repaid,15-Jul-2020,0,-124,7.87,,,311508
21,FastTrack GmbH,1085,1085-21,"46,279.00",1.40%,22-Nov-2019,16-Nov-2020,Repaid,17-Aug-2020,0,-91,8.97,,,77625
22,GlobalTech GmbH,1086,1086-22,"49,834.00",1.40%,27-Nov-2019,21-Nov-2020,Repaid,05-Aug-2020,0,-108,8.40,,,48386
23,HyperTech GmbH,1087,1087-23,"13,378.00",1.25%,27-Nov-2019,21-Nov-2020,Repaid,13-Sep-2020,0,-69,9.70,,,233519
24,InsightTech GmbH,1088,1088-24,"37,991.00",1.25%,28-Nov-2019,22-Nov-2020,Repaid,18-Sep-2020,0,-65,9.83,,,300225
25,JetTech GmbH,1089,1089-25,"52,131.00",1.40%,28-Nov-2019,22-Nov-2020,Not Repaid Yet,Not Repaid Yet,"52,131.00",,,,,352223
26,KeyTech GmbH,1090,1090-26,"33,519.00",1.25%,29-Nov-2019,23-Nov-2020,Repaid,9-Nov-2020,0,-14,11.53,,,
27,VisionTech GmbH,1101,1101-27,"22,887.00",1.25%,28-Nov-2019,22-Nov-2020,Repaid,13-Oct-2020,0,-40,10.67,,,
28,WiseSolutions GmbH,1102,1102-28,"23,562.00",1.25%,29-Nov-2019,23-Nov-2020,Repaid,24-Nov-2020,0,1,12.03,,,
29,XpressTech GmbH,1103,1103-29,"24,858.00",1.25%,30-Nov-2019,24-Nov-2020,Repaid,20-Nov-2020,0,-4,11.87,,,
30,YellowTech GmbH,1104,1104-30,"39,483.00",1.40%,30-Nov-2019,24-Nov-2020,Repaid,27-Nov-2020,0,3,12.10,,,
31,ZenithTech GmbH,1105,1105-31,"32,759.00",1.25%,03-Dec-2019,27-Nov-2020,Repaid,16-May-2020,0.00,-195,5.50,,,
32,ActiveSolutions GmbH,1106,1106-32,"10,311.00",1.25%,03-Dec-2019,27-Nov-2020,Repaid,20-Sep-2020,,-68,9.73,,,
33,BlazeSolutions GmbH,1107,1107-33,"47,024.00",1.40%,03-Dec-2019,27-Nov-2020,Repaid,12-Dec-2020,0,15,12.50,,,
34,ZenithTech,1130,1130-34,"38,342.00",1.40%,03-Dec-2019,27-Nov-2020,Repaid,26-Nov-2020,0,-1,11.97,,,
35,Epic Universe HmbH,1131,1131-35,"26,498.00",1.25%,04-Dec-2019,28-Nov-2020,Repaid,16-Apr-2020,0,-226,4.47,,,
36,Nails Equip GmbH,1132,1132-36,"11,803.00",1.25%,05-Dec-2019,29-Nov-2020,Repaid,6-Oct-2020,0,-54,10.20,,,
37,Wine Store GmbH,1133,1133-37,"21,595.00",1.25%,06-Dec-2019,30-Nov-2020,Repaid,15-Apr-2020,0,-229,4.37,,,
38,Yoga World GmbH,1134,1134-38,"49,952.00",1.40%,06-Dec-2019,30-Nov-2020,Repaid,03-Nov-2020,0,-27,11.10,,,
39,Abstract Minds GmbH,1162,1162-39,"14,918.00",1.25%,07-Dec-2019,01-Dec-2020,Repaid,15-Jul-2020,,-139,7.37,,,
40,Research Line GmbH,1163,1163-40,"34,490.00",1.25%,08-Dec-2019,02-Dec-2020,Repaid,05-Dec-2020,0,3,12.10,,,
41,Warm-up Solutions GmbH,1164,1164-41,"36,820.00",1.25%,06-Dec-2019,30-Nov-2020,Repaid,4-Dec-2020,0,4,12.13,,,
42,Dental Solutions GmbH,1165,1165-42,"32,177.00",1.25%,07-Dec-2019,01-Dec-2020,Repaid,11-Aug-2020,0,-112,8.27,,,
43,Purple Chairs GmbH,1168,1168-43,"49,388.00",1.40%,08-Dec-2019,02-Dec-2020,Repaid,15-Jan-2020,0,-322,1.27,,,
44,Colorful Pets GmbH,1169,1169-44,"28,705.00",1.25%,09-Dec-2019,03-Dec-2020,Repaid,16-Jun-2019,0,-536,-5.87,,,
45,Pink Agenda GmbH,1170,1170-45,"34,808.00",1.25%,09-Dec-2019,03-Dec-2020,Repaid,09-Sep-2020,0.00,-85,9.17,,,
46,Optical Solutions GmbH,1171,1171-46,"32,944.00",1.25%,09-Dec-2019,03-Dec-2020,Repaid,15-Jan-2020,0.00,-323,1.23,,,
47,Halfway GmbH,1172,1172-47,"19,372.00",1.25%,10-Dec-2019,04-Dec-2020,Not Repaid Yet,Not Repaid Yet,12094,,,,,
48,Singy GmbH,1173,1173-48,"51,317.00",1.40%,09-Dec-2019,03-Dec-2020,Repaid,01-Dec-2020,0,-2,11.93,,,
49,The Happy Company GmbH,1166,1166-49,"48,851.00",1.40%,09-Dec-2019,03-Dec-2020,Repaid,16-Dec-2020,0,13,12.43,,,
50,Europe Innovation GmbH,1167,1167-50,"13,110.00",1.25%,10-Dec-2019,04-Dec-2020,Repaid,14-Oct-2020,0,-51,10.30,,,
51,Purple Chairs GmbH,1168,1168-51,"32,186.00",1.25%,10-Dec-2019,04-Dec-2020,Repaid,29-Jan-2020,0,-310,1.67,,,
52,Colorful Pets GmbH,1169,1169-52,"32,769.00",1.25%,11-Dec-2019,05-Dec-2020,Repaid,16-Jun-2019,0,-538,-5.93,,,
53,Pink Agenda GmbH,1170,1170-53,"10,322.00",1.25%,11-Dec-2019,05-Dec-2020,Repaid,24-Sep-2020,0.00,-72,9.60,,,
54,Optical Solutions GmbH,1171,1171-54,"24,581.00",1.25%,15-Dec-2019,9-Dec-2020,Repaid,23-Jan-2020,0.00,-321,1.30,,,
55,PhoenixSolutions GmbH,1116,1116-55,"49,134.00",1.40%,15-Dec-2019,9-Dec-2020,Repaid,14-Oct-2020,0,-56,10.13,,,
56,TitanSolutions GmbH,1117,1117-56,"28,522.00",1.25%,16-Dec-2019,10-Dec-2020,Repaid,15-Sep-2020,0,-86,9.13,,,
57,UltraSolutions GmbH,1118,1118-57,"23,435.00",1.25%,17-Dec-2019,11-Dec-2020,Not Repaid Yet,Not Repaid Yet,12849,,,,,
58,VisionSolutions GmbH,1119,1119-58,"40,427.00",1.40%,18-Dec-2019,12-Dec-2020,Repaid,16-Nov-2020,0,-26,11.13,,,
59,BrightSolutions GmbH,1123,1123-59,"27,545.00",1.25%,19-Dec-2019,13-Dec-2020,Repaid,06-Nov-2020,0,-37,10.77,,,
60,ClearTech GmbH,1124,1124-60,"33,947.00",1.25%,20-Dec-2019,14-Dec-2020,Repaid,12-Dec-2020,0,-2,11.93,,,
61,EagleSolutions GmbH,1125,1125-61,"24,122.00",1.25%,22-Dec-2019,16-Dec-2020,Repaid,13-Oct-2020,0,-64,9.87,,,
62,EagleTech GmbH,1036,1036-62,"13,355.00",1.25%,22-Dec-2019,16-Dec-2020,Repaid,7-Jul-2020,0,-162,6.60,,,
63,FlexiSolutions GmbH,1037,1037-63,"19,655.00",1.25%,22-Dec-2019,16-Dec-2020,Repaid,2-Sep-2020,0,-105,8.50,,,
64,GreenTech GmbH,1038,1038-64,"17,676.00",1.25%,07-Jan-2020,01-Jan-2021,Repaid,11-Jan-2021,0,10,12.33,,,
65,IntegraGmbH,1039,1039-65,"47,931.00",1.40%,07-Jan-2020,01-Jan-2021,Repaid,1-Oct-2020,0,-92,8.93,,,
66,Kinetic GmbH,1040,1040-66,"41,891.00",1.40%,07-Jan-2020,01-Jan-2021,Repaid,13-Aug-2020,0,-141,7.30,,,
67,LuminaSolutions GmbH,1041,1041-67,"42,790.00",1.40%,08-Jan-2020,02-Jan-2021,Repaid,9-Nov-2020,0,-54,10.20,,,
68,MetaMatrix GmbH,1042,1042-68,"19,179.00",1.25%,09-Jan-2020,03-Jan-2021,Repaid,14-Dec-2020,0,-20,11.33,,,
69,NovusGmbH,1043,1043-69,"30,005.00",1.25%,09-Jan-2020,03-Jan-2021,Repaid,30-Dec-2020,0,-4,11.87,,,
70,OptimumGmbH,1044,1044-70,"42,887.00",1.40%,10-Jan-2020,04-Jan-2021,Repaid,Not Repaid Yet,"42,887.00",,,,,
71,PrimeWave GmbH,1045,1045-71,"39,949.00",1.40%,10-Jan-2020,04-Jan-2021,Repaid,13-Oct-2020,0,-83,9.23,,,
72,DataForge GmbH,1004,1004-72,"14,925.00",1.25%,11-Jan-2020,05-Jan-2021,Repaid,08-Oct-2020,0,-89,9.03,,,
73,EagleEye GmbH,1005,1005-73,"49,039.00",1.40%,12-Jan-2020,06-Jan-2021,Repaid,02-Feb-2021,0,27,12.90,,,
74,FlexiCorp GmbH,1006,1006-74,"42,711.00",1.40%,12-Jan-2020,06-Jan-2021,Repaid,08-Jan-2021,0,2,12.07,,,
75,GreenWave GmbH,1007,1007-75,"35,597.00",1.25%,10-Jan-2020,04-Jan-2021,Repaid,31-Dec-2020,0,-4,11.87,,,
76,InfinityTech GmbH,1008,1008-76,"41,980.00",1.40%,11-Jan-2020,05-Jan-2021,Not Repaid Yet,Not Repaid Yet,"41,980.00",,,,,
77,JumpStart GmbH,1009,1009-77,"36,438.00",1.25%,11-Jan-2020,05-Jan-2021,Repaid,27-Nov-2020,0,-39,10.70,,,
78,KeyStone GmbH,1010,1010-78,"44,400.00",1.40%,12-Jan-2020,06-Jan-2021,Not Repaid Yet,Not Repaid Yet,34591,,,,,
79,Insight GmbH,1031,1031-79,"45,261.00",1.40%,13-Jan-2020,07-Jan-2021,Not Repaid Yet,Not Repaid Yet,"45,261.00",,,,,
80,AgileWorks GmbH,1032,1032-80,"26,163.00",1.25%,14-Jan-2020,08-Jan-2021,Repaid,06-May-2020,0,-247,3.77,,,
81,BrightPath GmbH,1033,1033-81,"27,953.00",1.25%,15-Jan-2020,09-Jan-2021,Repaid,24-May-2020,0,-230,4.33,,,
82,Xpertise GmbH,1053,1053-82,"15,448.00",1.25%,15-Jan-2020,09-Jan-2021,Repaid,10-Nov-2020,0,-60,10.00,,,
83,ZephyrGmbH,1054,1054-83,"10,455.00",1.25%,15-Jan-2020,09-Jan-2021,Repaid,15-Dec-2020,0,-25,11.17,,,
84,AlphaWave GmbH,1055,1055-84,"22,041.00",1.25%,18-Jan-2020,12-Jan-2021,Repaid,,,-44208,-1461.60,,,
85,BlazeTech GmbH,1056,1056-85,"39,571.00",1.40%,18-Jan-2020,12-Jan-2021,Repaid,15-Jan-2021,0,3,12.10,,,
86,CrystalClear GmbH,1057,1057-86,"22,589.00",1.25%,19-Jan-2020,13-Jan-2021,Repaid,14-Nov-2020,0,-60,10.00,,,
87,OptimaSolutions GmbH,1068,1068-87,"24,445.00",1.25%,20-Jan-2020,14-Jan-2021,Repaid,19-Jan-2021,0,5,12.17,,,
88,PhoenixTech GmbH,1069,1069-88,"17,014.00",1.25%,20-Jan-2020,14-Jan-2021,Repaid,21-Sep-2020,0,-115,8.17,,,
89,QuantumLeap GmbH,1070,1070-89,"41,661.00",1.40%,21-Jan-2020,15-Jan-2021,Repaid,17-Jan-2021,0,2,12.07,,,
90,RocketSolutions GmbH,1071,1071-90,"22,940.00",1.25%,21-Jan-2020,15-Jan-2021,Repaid,14-Dec-2020,0,-32,10.93,,,
91,StellarTech GmbH,1072,1072-91,"45,425.00",1.40%,25-Jan-2020,19-Jan-2021,Repaid,16-Sep-2020,0,-125,7.83,,,
92,FutureSolutions GmbH,1110,1110-92,"15,605.00",1.25%,25-Jan-2020,19-Jan-2021,Repaid,15-Nov-2020,0,-65,9.83,,,
93,HyperSolutions GmbH,1111,1111-93,"39,102.00",1.40%,26-Jan-2020,20-Jan-2021,Repaid,19-Jan-2021,0,-1,11.97,,,
94,JetSolutions GmbH,1112,1112-94,"25,291.00",1.25%,27-Jan-2020,21-Jan-2021,Repaid,03-May-2020,0,-263,3.23,,,
95,KeySolutions GmbH,1113,1113-95,"31,921.00",1.25%,27-Jan-2020,21-Jan-2021,Repaid,15-Jan-2021,0,-6,11.80,,,
96,Eco GmbH,1140,1140-96,"40,703.00",1.40%,28-Jan-2020,22-Jan-2021,Repaid,16-Nov-2020,0,-67,9.77,,,
97,GeoLoc GmbH,1141,1141-97,"47,486.00",1.40%,29-Jan-2020,23-Jan-2021,Repaid,27-Apr-2020,0,-271,2.97,,,
98,Phone & Co,1142,1142-98,"47,010.00",1.40%,30-Jan-2020,24-Jan-2021,Repaid,24-Jan-2021,0,0,12.00,,,
99,Plants GmbH,1143,1143-99,"46,447.00",1.40%,28-Jan-2020,22-Jan-2021,Repaid,8-Jul-2020,0,-198,5.40,,,
100,Cleaning Solutions GmbH,1144,1144-100,"51,062.00",1.40%,28-Jan-2020,22-Jan-2021,Repaid,13-Dec-2020,0,-40,10.67,,,
101,Gridline GmbH,1145,1145-101,"44,446.00",1.40%,01-Feb-2020,26-Jan-2021,Not Repaid Yet,Not Repaid Yet,40657,,,,,
102,Machine GmbH,1146,1146-102,"26,122.00",1.25%,01-Feb-2020,26-Jan-2021,Repaid,15-Jun-2020,0,-225,4.50,,,
103,Emma & Co,1154,1154-103,"44,848.00",1.40%,02-Feb-2020,27-Jan-2021,Repaid,18-Mar-2021,0,50,13.67,,,
104,Bijoux & Co,1155,1155-104,"30,693.00",1.25%,03-Feb-2020,28-Jan-2021,Repaid,14-Oct-2020,0,-106,8.47,,,
105,Airline GmbH,1156,1156-105,"39,680.00",1.40%,04-Feb-2020,29-Jan-2021,Repaid,27-Jan-2021,,-2,11.93,,,
106,Building Green GmbH,1157,1157-106,"24,523.00",1.25%,04-Feb-2020,29-Jan-2021,Repaid,14-Dec-2020,0,-46,10.47,,,
107,Data Tools GmbH,1158,1158-107,"26,229.00",1.25%,03-Feb-2020,28-Jan-2021,Repaid,17-Mar-2021,0,48,13.60,,,
108,OptimaGmbH,1014,1014-108,"11,018.00",1.25%,02-Feb-2020,27-Jan-2021,Repaid,29-Jan-2021,0,2,12.07,,,
109,PowerGrid GmbH,1015,1015-109,"32,402.00",1.25%,05-Feb-2020,30-Jan-2021,Repaid,12-Jan-2021,0,-18,11.40,,,
110,QuantumQuest GmbH,1016,1016-110,"32,025.00",1.25%,06-Feb-2020,31-Jan-2021,Repaid,17-Jun-2020,0,-228,4.40,,,
111,RedRocket GmbH,1017,1017-111,"37,903.00",1.25%,07-Feb-2020,01-Feb-2021,Repaid,22-Jul-2020,0,-194,5.53,,,
112,SkyHigh GmbH,1018,1018-112,"45,682.00",1.40%,07-Feb-2020,01-Feb-2021,Repaid,10-Feb-2021,0,9,12.30,,,
113,Xcelerate GmbH,1021,1021-113,"14,656.00",1.25%,07-Feb-2020,01-Feb-2021,Repaid,18-Dec-2020,0,-45,10.50,,,
114,Zenith GmbH,1022,1022-114,"21,073.00",1.25%,08-Feb-2020,02-Feb-2021,Repaid,29-Dec-2020,0,-35,10.83,,,
115,RapidTech GmbH,1047,1047-115,"38,460.00",1.40%,09-Feb-2020,03-Feb-2021,Repaid,29-Oct-2020,0,-97,8.77,,,
116,SilverLine GmbH,1048,1048-116,"52,819.00",1.40%,08-Feb-2020,02-Feb-2021,Repaid,17-Feb-2021,0,15,12.50,,,
117,TerraNova GmbH,1049,1049-117,"43,278.00",1.40%,08-Feb-2020,02-Feb-2021,Repaid,08-Oct-2020,0,-117,8.10,,,
118,UltraGmbH,1050,1050-118,"50,354.00",1.40%,13-Feb-2020,07-Feb-2021,Repaid,03-Feb-2021,0,-4,11.87,,,
119,AlphaTech GmbH,1001,1001-119,"13,809.00",1.25%,13-Feb-2020,07-Feb-2021,Repaid,17-Jul-2020,,-205,5.17,,,
120,BrightWorks GmbH,1002,1002-120,"45,322.00",1.40%,13-Feb-2020,07-Feb-2021,Repaid,02-Feb-2021,0,-5,11.83,,,
121,CoreSolutions GmbH,1003,1003-121,"43,177.00",1.40%,17-Feb-2020,11-Feb-2021,Repaid,13-Oct-2020,0,-121,7.97,,,
122,ClearFocus GmbH,1034,1034-122,"10,341.00",1.25%,17-Feb-2020,11-Feb-2021,Repaid,14-Jan-2021,,-28,11.07,,,
123,DataDriven GmbH,1035,1035-123,"26,863.00",1.25%,18-Feb-2020,12-Feb-2021,Repaid,10-Feb-2021,0,-2,11.93,,,
124,Horizon GmbH,1030,1030-124,"49,231.00",1.40%,17-Feb-2020,11-Feb-2021,Repaid,17-Dec-2020,0,-56,10.13,,,
125,ActiveWave GmbH,1023,1023-125,"11,156.00",1.25%,20-Feb-2020,14-Feb-2021,Repaid,19-Apr-2020,,-301,1.97,,,
126,BlueSky GmbH,1024,1024-126,"33,954.00",1.25%,24-Feb-2020,18-Feb-2021,Repaid,25-Mar-2021,0,35,13.17,,,
127,CyberNetic GmbH,1025,1025-127,"39,488.00",1.40%,24-Feb-2020,18-Feb-2021,Repaid,7-Jul-2020,,-226,4.47,,,
128,DigiSolutions GmbH,1058,1058-128,"48,760.00",1.40%,21-Feb-2020,15-Feb-2021,Repaid,21-Feb-2021,0,6,12.20,,,
129,FutureTech GmbH,1059,1059-129,"50,564.00",1.40%,24-Feb-2020,18-Feb-2021,Repaid,23-Feb-2021,0,5,12.17,,,
130,GlobalSolutions GmbH,1060,1060-130,"27,927.00",1.25%,26-Feb-2020,20-Feb-2021,Repaid,18-Nov-2020,0,-94,8.87,,,
131,HyperDrive GmbH,1061,1061-131,"31,358.00",1.25%,27-Feb-2020,21-Feb-2021,Repaid,15-Apr-2020,0,-312,1.60,,,
132,QuantumSolutions GmbH,1046,1046-132,"24,808.00",1.25%,27-Feb-2020,21-Feb-2021,Repaid,30-May-2021,0.00,98,15.27,,,
133,RocketTech GmbH,1097,1097-133,"52,769.00",1.40%,28-Feb-2020,22-Feb-2021,Repaid,28-Feb-2021,0,6,12.20,,,
134,StellarSolutions GmbH,1098,1098-134,"19,383.00",1.25%,01-Mar-2020,24-Feb-2021,Repaid,12-May-2020,0,-288,2.40,,,
135,TitanTech GmbH,1099,1099-135,"47,478.00",1.40%,05-Mar-2020,28-Feb-2021,Repaid,21-Feb-2021,,-7,11.77,,,
136,UniversalTech GmbH,1100,1100-136,"33,856.00",1.25%,05-Mar-2020,28-Feb-2021,Repaid,21-Dec-2020,0,-69,9.70,,,
137,NexusTech GmbH,1114,1114-137,"34,779.00",1.25%,09-Mar-2020,04-Mar-2021,Repaid,09-Mar-2021,0,5,12.17,,,
138,OptimaTech GmbH,1115,1115-138,"17,183.00",1.25%,09-Mar-2020,04-Mar-2021,Repaid,Not Repaid Yet,6925,,,,,
139,CrystalTech GmbH,1108,1108-139,"43,339.00",1.40%,09-Mar-2020,04-Mar-2021,Repaid,09-Oct-2020,,-146,7.13,,,
140,DigitalTech GmbH,1109,1109-140,"48,126.00",1.40%,12-Mar-2020,07-Mar-2021,Repaid,17-Nov-2020,0,-110,8.33,,,
141,XpressSolutions GmbH,1120,1120-141,"15,159.00",1.25%,12-Mar-2020,07-Mar-2021,Repaid,06-Jul-2021,0,121,16.03,,,
142,YellowSolutions GmbH,1121,1121-142,"39,187.00",1.40%,12-Mar-2020,07-Mar-2021,Repaid,21-Dec-2020,0,-76,9.47,,,
143,AgileTech GmbH,1122,1122-143,"33,009.00",1.25%,13-Mar-2020,08-Mar-2021,Repaid,12-Feb-2020,0,-390,-1.00,,,
144,Pet Care GmbH,1136,1136-144,"20,696.00",1.25%,17-Mar-2020,12-Mar-2021,Repaid,19-Jan-2021,0,-52,10.27,,,
145,Pottery Lab GmbH,1137,1137-145,"43,921.00",1.40%,18-Mar-2020,13-Mar-2021,Repaid,10-Mar-2021,0,-3,11.90,,,
146,Tech Envision GmbH,1138,1138-146,"28,365.00",1.25%,19-Mar-2020,14-Mar-2021,Repaid,15-Sep-2020,0,-180,6.00,,,
147,Nespresso Lab GmbH,1139,1139-147,"101,459.00",1.70%,20-Mar-2020,15-Mar-2021,Repaid,13-Aug-2020,0,-214,4.87,,,
148,LunaSolutions GmbH,1011,1011-148,"350,000.00",1.82%,24-Mar-2020,19-Mar-2021,Repaid,05-Mar-2021,0,-14,11.53,,,
149,MegaByte GmbH,1012,1012-149,"89,000.00",1.65%,25-Mar-2020,20-Mar-2021,Repaid,15-Mar-2021,0,-5,11.83,,,
150,NeoNexus GmbH,1013,1013-150,"322,318.00",1.82%,25-Mar-2020,20-Mar-2021,Repaid,17-Jan-2021,0,-62,9.93,,,
151,LegacySolutions GmbH,1091,1091-151,"197,072.00",1.70%,26-Mar-2020,21-Mar-2021,Repaid,23-Mar-2021,0,2,12.07,,,
152,MetaTech GmbH,1092,1092-152,"364,282.00",1.90%,26-Mar-2020,21-Mar-2021,Repaid,21-Dec-2020,0,-90,9.00,,,
153,NexusSolutions GmbH,1093,1093-153,"467,151.00",1.90%,27-Mar-2020,22-Mar-2021,Repaid,25-Mar-2021,0,3,12.10,,,
154,OptimalGmbH,1094,1094-154,"222,855.00",1.82%,31-Mar-2020,26-Mar-2021,Repaid,20-Nov-2020,0,-126,7.80,,,
155,PrimeTech GmbH,1095,1095-155,"175,751.00",1.70%,31-Mar-2020,26-Mar-2021,Repaid,12-Jan-2021,0,-73,9.57,,,
156,QuantumTech GmbH,1096,1096-156,"401,393.00",1.90%,02-Apr-2020,28-Mar-2021,Repaid,31-Mar-2021,0,3,12.10,,,
157,Hair Care GmbH,1135,1135-157,"141,444.00",1.70%,03-Apr-2020,29-Mar-2021,Repaid,1-Mar-2021,0.00,-28,11.07,,,
158,Dancing Queen GmbH,1159,1159-158,"512,679.00",1.90%,06-Apr-2020,01-Apr-2021,Repaid,25-Jan-2021,0,-66,9.80,,,
159,Tea o' Clock GmbH,1160,1160-159,"454,588.00",1.90%,06-Apr-2020,01-Apr-2021,Repaid,10-Feb-2021,0,-50,10.33,,,
160,Coffee & Co,1161,1161-160,"326,466.00",1.82%,07-Apr-2020,02-Apr-2021,Not Repaid Yet,Not Repaid Yet,,,,,,
161,TechVision GmbH,1019,1019-161,"436,397.00",1.90%,08-Apr-2020,03-Apr-2021,Repaid,25-Mar-2021,0,-9,11.70,,,
162,UrbanEdge GmbH,1020,1020-162,"270,876.00",1.82%,09-Apr-2020,04-Apr-2021,Repaid,12-Apr-2021,0,8,12.27,,,
163,InsightSolutions GmbH,1062,1062-163,"253,068.00",1.82%,08-Apr-2020,03-Apr-2021,Repaid,08-Jan-2021,0,-85,9.17,,,
164,JetStream GmbH,1063,1063-164,"311,961.00",1.82%,11-Apr-2020,06-Apr-2021,Repaid,14-Apr-2021,0,8,12.27,,,
165,Docto Solutions GmbH,1151,1151-165,"242,320.00",1.82%,12-Apr-2020,07-Apr-2021,Repaid,23-Apr-2021,0,16,12.53,,,
166,Files GmbH,1152,1152-166,"529,053.00",1.90%,10-Apr-2020,05-Apr-2021,Repaid,13-Mar-2021,0,-23,11.23,,,
167,West Tail GmbH,1153,1153-167,"478,567.00",1.90%,10-Apr-2020,05-Apr-2021,Repaid,03-Mar-2021,0,-33,10.90,,,
168,Visionary GmbH,1051,1051-168,"286,581.00",1.82%,15-Apr-2020,10-Apr-2021,Repaid,16-Feb-2021,0,-53,10.23,,,
169,WiseTech GmbH,1052,1052-169,"229,618.00",1.82%,15-Apr-2020,10-Apr-2021,Repaid,15-Apr-2021,0,5,12.17,,,
170,OptimalTech GmbH,1126,1126-170,"465,207.00",1.90%,17-Apr-2020,12-Apr-2021,Repaid,15-Apr-2021,0.00,3,12.10,,,
171,PrimeSolutions GmbH,1127,1127-171,"253,535.00",1.82%,17-Apr-2020,12-Apr-2021,Repaid,21-Apr-2021,0,9,12.30,,,
172,ActiveTech GmbH,1128,1128-172,"415,848.00",1.90%,18-Apr-2020,13-Apr-2021,Repaid,02-Feb-2021,,-70,9.67,,,
173,CrystalSolutions GmbH,1129,1129-173,"226,650.00",1.82%,19-Apr-2020,14-Apr-2021,Repaid,27-Apr-2021,,13,12.43,,,
174,BGQ GmbH,1147,1147-174,"402,755.00",1.90%,20-Apr-2020,15-Apr-2021,Repaid,21-May-2021,0,36,13.20,,,
175,LW GmbH,1148,1148-175,"472,487.00",1.90%,21-Apr-2020,16-Apr-2021,Repaid,Not Repaid Yet,137279,,,,,
176,Train Solutions GmbH,1149,1149-176,"242,746.00",1.82%,28-Apr-2020,23-Apr-2021,Repaid,28-Apr-2021,0,5,12.17,,,
177,E-commerce Solutions GmbH,1150,1150-177,"316,918.00",1.82%,28-Apr-2020,23-Apr-2021,Repaid,05-May-2021,0,12,12.40,,,
178,OptimalTech GmbH,1126,1126-178,"301,173.00",1.82%,29-Apr-2020,24-Apr-2021,Repaid,27-Apr-2020,0.00,-362,-0.07,,,
179,PrimeTech GmbH,1095,1095-179,"327,359.00",1.82%,29-Apr-2020,24-Apr-2021,Repaid,5-Jan-2021,0,-109,8.37,,,
180,West Tail GmbH,1153,1153-180,"321,433.00",1.82%,29-Apr-2020,24-Apr-2021,Repaid,26-Jan-2021,0,-88,9.07,,,
181,DataDriven GmbH,1035,1035-181,"373,659.00",1.90%,30-Apr-2020,25-Apr-2021,Repaid,27-Apr-2021,0,2,12.07,,,
182,Hair Care GmbH,1135,1135-182,"423,229.00",1.90%,01-May-2020,26-Apr-2021,Repaid,20-Apr-2021,0.00,-6,11.80,,,
183,ZenithTech GmbH,1105,1105-183,"319,391.00",1.82%,01-May-2020,26-Apr-2021,Repaid,06-Oct-2020,0.00,-202,5.27,,,
184,GlobalLink GmbH,1029,1029-184,"450,580.00",1.90%,01-May-2020,26-Apr-2021,Repaid,04-Apr-2021,0,-22,11.27,,,
185,KryptonGmbH,1064,1064-185,"245,869.00",1.82%,04-May-2020,29-Apr-2021,Repaid,06-May-2021,0,7,12.23,,,
186,LegacyTech GmbH,1065,1065-186,"371,192.00",1.90%,04-May-2020,29-Apr-2021,Not Repaid,Not Repaid Yet,"145,069.00",,,,,
187,MetaSolutions GmbH,1066,1066-187,"277,323.00",1.82%,06-May-2020,01-May-2021,Repaid,23-Feb-2021,0.00,-67,9.77,,,
188,NexusGmbH,1067,1067-188,"152,771.00",1.70%,11-May-2020,06-May-2021,Repaid,15-Jun-2021,0.00,40,13.33,,,
189,Optical Solutions GmbH,1171,1171-189,"506,891.00",1.90%,13-May-2020,08-May-2021,Repaid,Not Repaid Yet,"56,097.00",,,,,
190,UltraTech GmbH,1074,1074-190,"389,575.00",1.90%,13-May-2020,08-May-2021,Repaid,Not Repaid Yet,"294,506.00",,,,,
191,Velocity GmbH,1075,1075-191,"218,468.00",1.82%,14-May-2020,09-May-2021,Repaid,05-May-2021,0,-4,11.87,,,
192,WaveTech GmbH,1076,1076-192,"492,696.00",1.90%,15-May-2020,10-May-2021,Repaid,7-Jan-2021,0,-123,7.90,,,
193,XtraGmbH,1077,1077-193,"475,296.00",1.90%,15-May-2020,10-May-2021,Repaid,14-Sep-2020,0,-238,4.07,,,
194,Elixir GmbH,1027,1027-194,"275,811.00",1.82%,18-May-2020,13-May-2021,Repaid,12-May-2021,0,-1,11.97,,,
195,JumpStart GmbH,1009,1009-195,"279,045.00",1.82%,21-May-2020,16-May-2021,Repaid,28-May-2021,0,12,12.40,,,
196,WiseSolutions GmbH,1102,1102-196,"287,308.00",1.82%,21-May-2020,16-May-2021,Repaid,26-Jan-2021,0,-110,8.33,,,
197,XpressTech GmbH,1103,1103-197,"325,678.00",1.82%,25-May-2020,20-May-2021,Repaid,17-May-2021,0,-3,11.90,,,
198,YellowTech GmbH,1104,1104-198,"10,560.00",1.25%,25-May-2020,20-May-2021,Repaid,23-May-2021,0,3,12.10,,,
199,ZenithTech GmbH,1105,1105-199,"35,789.00",1.25%,27-May-2020,22-May-2021,Repaid,14-Oct-2020,0.00,-220,4.67,,,
200,QuantumSolutions GmbH,1046,1046-200,"56,984.00",1.40%,27-May-2020,22-May-2021,Repaid,20-Oct-2021,0.00,151,17.03,,,
201,NexusGmbH,1067,1067-201,"180,945.00",1.70%,27-May-2020,22-May-2021,Not Repaid Yet,Not Repaid Yet,,,,,,
202,StellarSolutions GmbH,1098,1098-202,"34,067.00",1.25%,28-May-2020,23-May-2021,Repaid,13-Apr-2021,0,-40,10.67,,,
203,TitanTech GmbH,1099,1099-203,"240,678.00",1.82%,28-May-2020,23-May-2021,Not Repaid Yet,Not Repaid Yet,,,,,,
204,Dancing Queen GmbH,1159,1159-204,"45,067.00",1.40%,29-May-2020,24-May-2021,Repaid,17-Apr-2021,0,-37,10.77,,,
205,Wellness GmbH,1174,1174-205,"183,313.00",1.70%,1-June-2020,27-May-2021,Repaid,26-May-2021,0,-1,11.97,,,
206,Bijoux & Co,1155,1155-206,"370,475.00",1.90%,1-June-2020,26-February-2021,Repaid,03-Sep-2020,0,-176,3.13,,,
207,AgileTech GmbH,1122,1122-207,"141,665.00",1.70%,3-June-2020,28-February-2021,Repaid,17-Feb-2020,0,-377,-3.57,,,
208,LunaSolutions GmbH,1011,1011-208,"223,956.00",1.82%,3-June-2020,29-May-2021,Repaid,31-May-2021,0,2,12.07,,,
209,BGQ GmbH,1147,1147-209,"149,137.00",1.70%,4-June-2020,1-March-2021,Repaid,04-Mar-2021,0,3,9.10,,,
210,Docto Solutions GmbH,1151,1151-210,"150,658.00",1.70%,5-June-2020,31-May-2021,Repaid,26-Mar-2021,0,-66,9.80,,,
211,Xcelerate GmbH,1021,1021-211,"259,095.00",1.82%,8-June-2020,3-June-2021,Repaid,28-Mar-2021,0,-67,9.77,,,
212,Yoga World GmbH,1134,1134-212,"294,003.00",1.82%,8-June-2020,3-June-2021,Repaid,29-Mar-2021,0,-66,9.80,,,
213,FlashForward GmbH,1028,1028-213,"402,627.00",1.90%,9-June-2020,6-March-2021,Repaid,04-Mar-2021,0,-2,8.93,,,
214,ClearVision GmbH,1082,1082-214,"42,692.00",1.40%,10-June-2020,7-March-2021,Repaid,12-Jan-2021,0,-54,7.20,,,
215,EasyTech GmbH,1084,1084-215,"339,823.00",1.82%,10-June-2020,5-June-2021,Repaid,03-Feb-2021,0,-122,7.93,,,
216,Building Green GmbH,1157,1157-216,"182,123.00",1.70%,11-June-2020,8-March-2021,Repaid,12-Jan-2021,0,-55,7.17,,,
217,Nespresso Lab GmbH,1139,1139-217,"390,676.00",1.90%,12-June-2020,7-June-2021,Repaid,7-Oct-2020,0,-243,3.90,,,
218,SilverLine GmbH,1048,1048-218,"369,077.00",1.90%,12-June-2020,7-June-2021,Repaid,03-Jun-2021,0,-4,11.87,,,
219,SkyHigh GmbH,1018,1018-219,"116,879.00",1.70%,15-June-2020,10-June-2021,Repaid,09-Jun-2021,0,-1,11.97,,,
220,Singy GmbH,1173,1173-220,"78,367.00",1.65%,16-June-2020,11-June-2021,Repaid,12-Apr-2021,0,-60,10.00,,,
221,YellowCube GmbH,1078,1078-221,"75,318.00",1.65%,16-June-2020,11-June-2021,Repaid,17-Jul2021,0,36,13.20,,,
222,StellarSolutions GmbH,1098,1098-222,"121,192.00",1.70%,17-June-2020,12-June-2021,Repaid,22-Jul-2021,0,40,13.33,,,
223,Elixir GmbH,1027,1027-223,"52,083.00",1.40%,18-June-2020,13-June-2021,Repaid,09-Jun-2021,0,-4,11.87,,,
224,E-commerce Solutions GmbH,1150,1150-224,"23,574.00",1.25%,19-June-2020,14-June-2021,Repaid,17-Jun-2021,0,3,12.10,,,
225,Train Solutions GmbH,1149,1149-225,"217,995.00",1.82%,18-June-2020,13-June-2021,Repaid,07-Jun-2021,0,-6,11.80,,,
226,Pottery Lab GmbH,1137,1137-226,"155,913.00",1.70%,17-June-2020,12-June-2021,Repaid,07-Jun-2021,0,-5,11.83,,,
227,WiseSolutions GmbH,1102,1102-227,"39,426.00",1.40%,16-June-2020,11-June-2021,Repaid,22-Feb-2021,0,-109,8.37,,,
228,InsightSolutions GmbH,1062,1062-228,"102,493.00",1.70%,17-June-2020,12-June-2021,Repaid,07-Apr-2021,0,-66,9.80,,,
229,Tea o' Clock GmbH,1160,1160-229,"387,013.00",1.90%,19-June-2020,14-June-2021,Repaid,22-Jun-2021,0,8,12.27,,,
230,MegaByte GmbH,1012,1012-230,"407,468.00",1.90%,19-June-2020,14-June-2021,Repaid,30-Jun-2021,0,16,12.53,,,
231,JetStream GmbH,1063,1063-231,"59,704.00",1.40%,22-June-2020,17-June-2021,Repaid,13-May-2020,,-400,-1.33,,,
232,ClearFocus GmbH,1034,1034-232,"130,645.00",1.70%,23-June-2020,20-March-2021,Repaid,21-Mar-2021,,1,9.03,,,
233,TerraNova GmbH,1049,1049-233,"181,552.00",1.70%,23-June-2020,18-June-2021,Repaid,17-Jun-2021,0,-1,11.97,,,
234,FlexiCorp GmbH,1006,1006-234,"43,307.00",1.40%,22-June-2020,19-March-2021,Not Repaid Yet,Not Repaid Yet,26897,,,,,
235,GreenWave GmbH,1007,1007-235,"26,399.00",1.25%,24-June-2020,19-June-2021,Repaid,17-Jun-2021,0,-2,11.93,,,
236,HyperTech GmbH,1087,1087-236,"354,159.00",1.90%,24-June-2020,19-June-2021,Repaid,23-Mar-2021,0,-88,9.07,,,
237,Wine Store GmbH,1133,1133-237,"125,109.00",1.70%,25-June-2020,20-June-2021,Repaid,18-Aug-2020,0,-306,1.80,,,
238,NexusGmbH,1067,1067-238,"259,288.00",1.82%,26-June-2020,21-June-2021,Not Repaid Yet,"259,288.00",0,214920,7176.00,,,
239,Research Line GmbH,1163,1163-239,"329,621.00",1.82%,26-June-2020,21-June-2021,Repaid,30-Jun-2021,0,9,12.30,,,
240,Eco GmbH,1140,1140-240,"275,139.00",1.82%,29-June-2020,24-June-2021,Repaid,14-Jan-2021,0,-161,6.63,,,
241,Warm-up Solutions GmbH,1164,1164-241,"310,188.00",1.82%,30-June-2020,25-June-2021,Repaid,29-Jun-2021,0,4,12.13,,,
242,Dental Solutions GmbH,1165,1165-242,"361,921.00",1.90%,1-July-2020,26-June-2021,Repaid,3-Nov-2020,0,-235,4.17,,,
243,KeyTech GmbH,1090,1090-243,"172,874.00",1.70%,1-July-2020,26-June-2021,Repaid,19-May-2021,0,-38,10.73,,,
244,Velocity GmbH,1075,1075-244,"53,473.00",1.40%,2-July-2020,27-June-2021,Repaid,30-Jun-2021,0,3,12.10,,,
245,WaveTech GmbH,1076,1076-245,"230,248.00",1.82%,3-July-2020,28-June-2021,Repaid,16-Mar-2021,0,-104,8.53,,,
246,Nespresso Lab GmbH,1139,1139-246,"286,159.00",1.82%,6-July-2020,1-July-2021,Repaid,18-Nov-2020,0,-225,4.50,,,
247,NexusSolutions GmbH,1093,1093-247,"219,124.00",1.82%,8-July-2020,3-July-2021,Repaid,9-Aug-2021,0,37,13.23,,,
248,DataDriven GmbH,1035,1035-248,"372,848.00",1.90%,8-July-2020,3-July-2021,Repaid,8-Jul-2021,0,5,12.17,,,
249,ClearFocus GmbH,1034,1034-249,"163,713.00",1.70%,10-July-2020,6-April-2021,Repaid,09-May-2021,,33,10.10,,,
250,YellowTech GmbH,1104,1104-250,"374,387.00",1.90%,13-July-2020,8-July-2021,Repaid,19-Jul-2021,0,11,12.37,,,
251,SilverLine GmbH,1048,1048-251,"346,779.00",1.82%,14-July-2020,9-July-2021,Repaid,02-Jul-2021,0,-7,11.77,,,
252,Airline GmbH,1156,1156-252,"121,737.00",1.70%,15-July-2020,11-April-2021,Repaid,19-Mar-2021,,-23,8.23,,,
253,Train Solutions GmbH,1149,1149-253,"408,987.00",1.90%,15-July-2020,10-July-2021,Repaid,13-Jul-2021,0,3,12.10,,,
254,EagleEye GmbH,1005,1005-254,"61,196.00",1.65%,14-July-2020,9-July-2021,Repaid,07-Jul-2021,0,-2,11.93,,,
255,BlueSky GmbH,1024,1024-255,"238,699.00",1.82%,17-July-2020,13-April-2021,Repaid,17-Apr-2021,0,4,9.13,,,
256,CyberNetic GmbH,1025,1025-256,"198,853.00",1.70%,17-July-2020,13-April-2021,Repaid,16-Nov-2020,,-148,4.07,,,
257,BrightWorks GmbH,1002,1002-257,"266,124.00",1.82%,21-July-2020,17-April-2021,Not Repaid Yet,Not Repaid Yet,14567,,,,,
258,CoreSolutions GmbH,1003,1003-258,"201,907.00",1.82%,22-July-2020,18-April-2021,Repaid,07-Jan-2021,0,-101,5.63,,,
259,Velocity GmbH,1075,1075-259,"147,672.00",1.70%,23-July-2020,18-July-2021,Repaid,16-Jul-2021,0,-2,11.93,,,
260,IntegraGmbH,1039,1039-260,"56,606.00",1.40%,22-July-2020,17-July-2021,Repaid,22-Feb-2021,0,-145,7.17,,,
261,TitanGmbH,1073,1073-261,"108,588.00",1.70%,27-July-2020,22-July-2021,Repaid,18-Jul-2021,0,-4,11.87,,,
262,GeoLoc GmbH,1141,1141-262,"316,242.00",1.82%,27-July-2020,22-July-2021,Repaid,30-Sep-2020,0,-295,2.17,,,
263,Xcelerate GmbH,1021,1021-263,"91,870.00",1.65%,28-July-2020,23-July-2021,Repaid,9-Apr-2021,0,-105,8.50,,,
264,KryptonGmbH,1064,1064-264,"406,661.00",1.90%,29-July-2020,24-July-2021,Not Repaid Yet,Not Repaid Yet,256908,,,,,
265,RocketTech GmbH,1097,1097-265,"347,501.00",1.82%,3-August-2020,29-July-2021,Repaid,01-Apr-2021,0,-119,8.03,,,
266,PowerGrid GmbH,1015,1015-266,"101,232.00",1.70%,4-August-2020,30-July-2021,Repaid,8-Jun-2021,0,-52,10.27,,,
267,PowerGrid GmbH,1015,1015-267,"286,890.00",1.82%,5-August-2020,31-July-2021,Repaid,12-Jul-2021,0,-19,11.37,,,
268,NovusGmbH,1043,1043-268,"384,263.00",1.90%,10-August-2020,5-August-2021,Not Repaid Yet,Not Repaid Yet,34915,,,,,
269,AgileTech GmbH,1122,1122-269,"392,819.00",1.90%,10-August-2020,7-May-2021,Not Repaid Yet,Not Repaid Yet,101456,,,,,
270,MegaByte GmbH,1012,1012-270,"55,431.00",1.40%,11-August-2020,6-August-2021,Repaid,9-Aug-2021,0,3,12.10,,,
271,HyperDrive GmbH,1061,1061-271,"107,699.00",1.70%,12-August-2020,7-August-2021,Repaid,11-Nov-2020,0,-269,3.03,,,
272,EagleEye GmbH,1005,1005-272,"164,699.00",1.70%,14-August-2020,9-August-2021,Repaid,12-Aug-2021,0,3,12.10,,,
273,Elixir GmbH,1027,1027-273,"213,230.00",1.82%,17-August-2020,12-August-2021,Repaid,12-Aug-2021,0,0,12.00,,,
274,West Tail GmbH,1153,1153-274,"359,639.00",1.90%,18-August-2020,13-August-2021,Repaid,7-Jul-2021,0,-37,10.77,,,
275,LunaSolutions GmbH,1011,1011-275,"232,095.00",1.82%,19-August-2020,14-August-2021,Repaid,18-Aug-2021,0,4,12.13,,,
276,RocketTech GmbH,1097,1097-276,"254,395.00",1.82%,21-August-2020,16-August-2021,Repaid,21-Apr-2021,0,-117,8.10,,,
277,KeyTech GmbH,1090,1090-277,"314,733.00",1.82%,25-August-2020,20-August-2021,Repaid,12-August-2021,0,-8,11.73,,,
278,BlazeSolutions GmbH,1107,1107-278,"48,490.00",1.40%,27-August-2020,24-May-2021,Repaid,09-Jul-2021,0,46,10.53,,,
279,E-commerce Solutions GmbH,1150,1150-279,"147,579.00",1.70%,28-August-2020,23-August-2021,Not Repaid Yet,Not Repaid Yet,32896,,,,,
280,WaveTech GmbH,1076,1076-280,"23,635.00",1.25%,31-August-2020,26-August-2021,Repaid,20-May-2021,0,-98,8.73,,,
281,Phone & Co,1142,1142-281,"386,123.00",1.90%,2-September-2020,28-August-2021,Repaid,25-Aug-2021,0,-3,11.90,,,
282,ZenithTech,1130,1130-282,"322,159.00",1.82%,4-September-2020,30-August-2021,Repaid,Not Repaid Yet,128396,,,,,
283,Plants GmbH,1143,1143-283,"378,012.00",1.90%,8-September-2020,3-September-2021,Repaid,26-Apr-2021,0,-130,7.67,,,
284,LunaSolutions GmbH,1011,1011-284,"405,498.00",1.90%,10-September-2020,5-September-2021,Repaid,08-Sep-2021,0,3,12.10,,,
285,Epic Universe HmbH,1131,1131-285,"146,031.00",1.70%,10-September-2020,5-September-2021,Repaid,21-Jan-2021,0,-227,4.43,,,
286,JetStream GmbH,1063,1063-286,"164,215.00",1.70%,11-September-2020,6-September-2021,Repaid,08-Sep-2021,0,2,12.07,,,
287,ActiveSolutions GmbH,1106,1106-287,"404,252.00",1.90%,14-September-2020,11-June-2021,Repaid,17-May-2021,,-25,8.17,,,
288,Machine GmbH,1146,1146-288,"101,259.00",1.70%,16-September-2020,11-September-2021,Repaid,22-Dec-2020,0,-263,3.23,,,
289,InsightSolutions GmbH,1062,1062-289,"261,270.00",1.82%,17-September-2020,12-September-2021,Repaid,06-May-2021,0,-129,7.70,,,
290,GlobalLink GmbH,1029,1029-290,"68,642.00",1.65%,18-September-2020,13-September-2021,Repaid,31-Aug-2021,0,-13,11.57,,,
291,DataDriven GmbH,1035,1035-291,"20,025.00",1.25%,22-September-2020,17-September-2021,Repaid,15-Sep-2021,0,-2,11.93,,,
292,ClearTech GmbH,1124,1124-292,"405,391.00",1.90%,24-September-2020,21-June-2021,Repaid,14-Jul-2021,0,23,9.77,,,
293,FlexiSolutions GmbH,1037,1037-293,"90,106.00",1.65%,28-September-2020,25-June-2021,Repaid,12-Feb-2021,0,-133,4.57,,,
294,VisionSolutions GmbH,1119,1119-294,"129,095.00",1.70%,28-September-2020,23-September-2021,Repaid,27-Sep-2021,0,4,12.13,,,
295,EagleTech GmbH,1036,1036-295,"286,180.00",1.82%,30-September-2020,25-September-2021,Repaid,12-Mar-2021,0,-197,5.43,,,
296,Wine Store GmbH,1133,1133-296,"303,628.00",1.82%,2-October-2020,27-September-2021,Repaid,22-Mar-2021,0,-189,5.70,,,
297,Cleaning Solutions GmbH,1144,1144-297,"267,303.00",1.82%,6-October-2020,3-July-2021,Not Repaid Yet,Not Repaid Yet,146987,,,,,
298,Files GmbH,1152,1152-298,"61,656.00",1.65%,21-October-2020,18-July-2021,Repaid,11-Jun-2021,0,-37,7.77,,,
299,InsightSolutions GmbH,1062,1062-299,"296,932.00",1.82%,26-October-2020,21-October-2021,Repaid,20-May-2021,0,-154,6.87,,,
300,CyberNetic GmbH,1025,1025-300,"107,725.00",1.70%,29-October-2020,26-July-2021,Repaid,19-Jan-2021,,-188,2.73,,,
,,,,,,,,,,,0,0.00,,,